上海浦东国际机场货运站有限公司,速航路168号,121.79831,31.15881
P1P2(计时）停车场,迎宾大道6088号,121.1163,31.145033
P15停车场,海天五路225号,121.1163,31.145033
上海机场保安公司浦东停车场,护航路860号,121.798805,31.159555
P2停车场,空港一路399号,121.45806000000005,31.22222000000005
世博源停车库,世博大道1368号,121.4931,31.180965
P10停车场,浦东机场海天五路500号东侧,121.45806000000005,31.22222000000005
新客站南广场地下车库,秣陵路303号,121.21123,31.039045
虹桥枢纽西交通中心停车场（库）,申虹路298号,121.140465,31.135529
P11(中航柏悦酒店）停车库,申达三路181号,121.47684,31.275059
虹桥机场东交停车场（库）（P5P6P7P8）,申昆路1500号,121.798805,31.159555
新客站北广场地下车库,中兴路1580号,121.21123,31.039045
上海火车南站地下停车库,石龙路750号,121.45806000000005,31.22222000000005
迪士尼乐园游客停车场,申迪西路450号,121.58276,31.15067
虹桥机场T1航站楼P1停车库,迎宾一路,121.47684,31.275059
P4(长时)停车库,东启航路（海天四路、海天五路之间）,121.47684,31.275059
宝杨码头客运站停车库,宝杨支路4弄,121.4986,31.162754
上坤城市广场停车场,聚丰园路91弄,121.38518,31.315693
宝山万达广场停车库,一二八纪念路968号,121.44705,31.32376
大华虎城第一坊停车库,大华二路268号,121.314804,31.194944
文渊楼停车库,沪太路2388号,121.47684,31.275059
淞桥停车场,吴淞大桥桥洞内,121.45806000000005,31.22222000000005
月浦停车场,月罗路321号,121.40712,31.417685
江杨农产品市场停车场,江杨北路98号,121.45806000000005,31.22222000000005
吴淞客运中心停车库,化成路251号,121.496025,31.37411
大华秦森广场停车库,真华路1116号,121.47684,31.275059
宝山医院停车场,友谊路181号,121.48403,31.321177
黄金广场停车场,牡丹江路1688号,121.4824,31.403414
仁和医院停车场,长江西路1999号,121.45806000000005,31.22222000000005
炮台湾湿地公园停车场,塘后路206号,121.45806000000005,31.22222000000005
淞沪抗战纪念公园停车场,友谊路1号,121.45806000000005,31.22222000000005
上海金罗店生态农业有限公司,宝山区联杨路3888号,121.35817,31.393023
宝权停车场,铁力路1490号,121.31514,30.938717
宝莲城南块停车场,双城路803弄,121.48599,31.389034
安信商业广场停车库,牡丹江路1211号-1258号,121.48785,31.395508
骏利财富大厦停车库,共和新路5199号,121.44547,31.325558
新沪大润发停车库,华灵路1051号-1067号,121.30469,31.292107
北斗星广场停车场（库）,长临路959弄37号,121.45806000000005,31.22222000000005
联和滨江大厦停车场库,淞桥东路111号,121.49453,31.37147
泰德科技园停车场,蕴川路516号,121.43326,31.353199
华灵乐购停车场,大华路518号,121.345955,31.156801
罗店医院停车场,罗溪路121号,121.35064,31.413298
罗泾停车场,新川沙路531号,121.326485,31.474768
智力产业园停车库,纪蕴路588号,121.47684,31.275059
共康停车场,长临路800号―18,121.45806000000005,31.22222000000005
顾村公园停车场,沪太路4788号,121.38238,31.346859
颐正大厦停车场,新村路681号,121.41923,31.265795
农工商宝山店停车场,同泰北路401号,121.49396,31.404879
聚丰购物广场停车库,聚丰园路155号,121.38294,31.315363
巴黎春天宝山店停车库,真华路888号,121.411385,31.270609
新宝山大厦停车场,友谊路199号,121.483185,31.405272
新陆大厦停车库,共和新路4727号,121.39678,31.194166
江杨水产品市场停车场,铁城路1555号,121.467705,31.310331
东鼎国际大厦停车库,漠河路600弄,121.46942,31.406769
江杨北路站P+R停车库,江杨北路1801号,121.439804,31.407843
高景国际大厦停车库,殷高西路101号,121.48432,31.322027
钢领停车场,铁山路1075号,121.4541,31.392513
国际工业设计中心停车库,逸仙路3000号,121.47684,31.275059
大场镇站P+R停车库,沪太路1899号,121.416565,31.293459
锦秋路停车场,锦秋路695弄,121.381165,31.319067
移动互联网产业基地停车场,沪太路4361号,121.45806000000005,31.22222000000005
世纪联华宝山店停车场,水产路1234号,121.491776,31.396208
博锦机动车检测停车场,罗溪路1201弄15号,121.45806000000005,31.22222000000005
宝钢医院停车场,樟岭路48号,121.45806000000005,31.22222000000005
大华虎城嘉年华停车库,大华一路210号,121.41387,31.270233
泰富商业广场停车场,水产路2399号,121.44508,31.367071
永绿置业停车场,城银路555弄,121.35869,31.248257
东智广场停车库,友谊路1502号,121.43044,31.233824
华润万家三门店停车场,三门路501号,121.48983,31.222704
金仓永华酒店停车库,水产路2659号,121.48421,30.951353
美兰湖站P+R停车库,罗芬路1088号,121.349915,31.401777
大华虎城第三空间停车库,真华路892号,121.41136,31.271746
宝山体育中心停车库,永清路700号,121.491356,31.394485
绿地新都汇停车库,共和新路5000弄6号,121.60662,31.261978
沪客隆停车场,淞兴路163号,121.497,31.372826
月浦蔬菜交易市场停车场,蕴川路2767号,121.40712,31.417685
宝山宜家停车库,沪太路1818号,121.4042,31.388527
中环天地停车库,环镇南路858弄9号,121.398796,31.295443
环镇北路停车场,环镇北路547号,121.40652,31.308908
宝安公路站停车场,地铁1号线宝安公路站,121.430984,31.369661
铁力路站停车场,地铁3号线铁力路站,121.46108,31.408176
友谊西路站停车场,地铁1号线友谊西路站,121.428055,31.38102
淞滨路站停车场,地铁3号线淞滨路站,121.49279,31.371037
宇业生活广场停车场,沪太路3663号,121.40775,31.327175
宝车荟复地●国际汽车商务园停车场,逸仙路3718号,121.45806000000005,31.22222000000005
联家超市共江店停车库,共江路1208号,121.47684,31.275059
世纪联华罗店店停车库,罗芬路1088号,121.35817,31.393023
幸福湾园区停车库,同济路999号,121.19673,30.891481
宝杨路站停车场,地铁3号线宝杨路站,121.47961,31.395292
富锦路站停车场,地铁1号线富锦路站,121.42482,31.391226
狮子桥停车场,宝杨路宝杨支路,121.513596,31.138227
富锦路站P+R停车库,杨北路1号,121.42457,31.392433
沪太百安居停车场,沪太路1800号,121.55971,31.204615
玻璃博物馆停车库,长江西路685号,121.47684,31.275059
]和阳光大厦停车库,宝杨路3003号,121.567764,31.148336
团结路美食广场停车场,团结路14号,121.48547,31.40488
三水国际广场停车库,化成路366弄8号,121.49949,31.379206
零点广场二期停车库,宝杨路1号,121.72351,31.225689
亿博大厦停车库,蕴川路1999弄,121.42926,31.382694
罗店宝龙广场停车库,杨南路2211号,121.35889,31.388807
吉浦路停车场,吉浦路521号,121.49064,31.31254
广联环境停车库,园康路255号,121.47684,31.275059
越界智汇园停车场,呼兰路799号,121.60676,31.281208
宝乐汇停车库,牡丹江路1569号,121.4854,31.399485
绿地顾村公园商务广场停车库,陆翔路111弄3号,121.38461,31.34367
淞宝市场停车场,永乐路388号,121.1163,31.145033
万渡广场停车场,共和新路5288号,121.45806000000005,31.22222000000005
舒诚商务中心停车场,宝杨路1850号,121.45806000000005,31.22222000000005
友谊都市产业服务中心停车库,宝杨路1369号,120.913925,31.101406
绿地北郊广场停车库,沪太路5355弄7号,121.37847,31.35725
和欣墅街停车库,纪蕴路320弄,121.47684,31.275059
翼生活广场停车库,水产路2449号,121.443504,31.366533
长江西路凯旋丽都停车场,长江西路2200号,121.44431,31.332657
大华婚庆中心停车库,华灵路1090号,121.47684,31.275059
朗香花园停车库,祁真路25号,121.13457,31.187302
中江洋停车场,泰和路1810号,121.1163,31.145033
庙行菜市场停车场,长临路1368号,121.431786,31.332594
中成智谷停车场,长江路250号,121.49638,31.349857
半岛1919产业园停车场,淞兴西路258号,121.4879,31.367325
齐盈生态停车场,铁城路1588号,121.49797,30.953869
场北商业广场停车库,场北路704号,121.42584,31.331804
长江西路北侧广场停车场,长江西路北侧广场（三泉路-长临路）,121.44431,31.332657
保利悦活荟停车库,长江西路388号,121.26076,31.116045
龙湖北城天街停车库,丹霞山路50弄1号,121.36073,31.361097
花园弄新街口停车场,花园弄新街口,121.14598,31.073809
江阳水产市场停车场,泰和路1700号,121.1163,31.145033
钢博会停车场,业绩路8号,121.45806000000005,31.22222000000005
优先生物停车库,园康路300号,121.47684,31.275059
东街休闲广场停车库,松兰路879号,121.443985,31.379795
电气都市工业园区停车场,长江西路850号23幢,121.1163,31.145033
乐桦坊停车库,真北路4288号,121.47684,31.275059
馨煌广场停车场,安家路15-29号,121.452934,31.022709
同济创园停车库,淞良路10号,121.49093,31.333141
卓越时代广场停车库,呼兰西路60弄,121.435616,31.338068
申菊新贸路停车场,新贸路2号,121.39689,31.347792
宝莲城北块停车库,海江路888弄1号,121.48599,31.389034
罗店上坤上街停车库,塘西街299弄,121.342674,31.418922
铁山路9号停车场,铁山路9号,121.46939,31.36057
敉平大厦停车库,城银路318号,121.352234,31.312244
润通集贸市场停车场,水产西路938号,121.44206,31.169735
陈川路停车场,陈川路58号临,121.3336,31.476215
逸骅工业设计中心停车场,高逸路88号,121.45806000000005,31.22222000000005
宝杨路18号停车场,宝杨路18号,121.48624,31.397915
邮轮港港区停车场,宝杨路1号,121.45806000000005,31.22222000000005
沪嘉高速汶水路桥孔停车场,沪嘉高速公路/汶水路桥孔,121.45806000000005,31.22222000000005
宝山区行政服务中心停车场,淞滨路1号,121.49992,31.375488
NPARK文创产业区停车库,真大路520号,121.47684,31.275059
地铁刘行站公交枢纽停车库,陆翔路1018弄8号,121.36222,31.357668
新杨湾科创园停车场,江杨南路880号,121.467,31.322687
大华老镇嘉年华停车库,场中路4098号,121.647896,30.946136
真华路1780号停车库,真华路1780号,121.4117,31.28863
真华路1781号停车库,真华路1781号,121.41074,31.288275
文教产业园一期停车场,殷高路65号,121.45806000000005,31.22222000000005
文教产业园二期停车场,殷高路27号,121.45806000000005,31.22222000000005
三邻桥体育文化园停车场,江杨南路485号,121.45806000000005,31.22222000000005
共富新村站第三象限停车场,川路608号,121.43423,31.35531
保翔停车场,虎林路1038号,121.45806000000005,31.22222000000005
大润发罗店店停车库,月罗路2380号,121.35817,31.393023
金融科创产业孵化园停车场,沪太路5589号,121.45806000000005,31.22222000000005
宝山U天地美兰湖停车库,美兰湖路1200弄,121.33514,31.390036
宝山U天地停车场,美健路979号,121.1163,31.145033
临港新业坊停车场,逸仙路1328号,121.819336,30.873455
锦隆驾校停车场,杨北路161号,121.47707,31.276882
宝杨宝龙广场停车场,同济路669弄1-10号,121.48219,31.39508
沪太路5008弄通道停车场,沪太路5008弄,121.37888,31.348764
顾村社区卫生中心停车场,水产西路1138号,121.34483,31.120703
宝山U天地美健路停车库,美健路829号,121.34051,31.391779
大华一路停车场,新沪路11弄6号,121.41917,31.268866
永久产业园停车场,真大路560号,121.39303,31.171896
长江源停车场,长江路43号,121.48057,31.34343
永乐汇文创园停车场,沪太路4292号,121.318344,31.249657
共康创意园停车场,共和新路5308弄32号,121.56524,31.146849
上大宝山校区停车场,上大路99号,121.48403,31.321177
龙湖冠寓顾村公园店停车场,菊太路70号,121.38461,31.34367
复地中环天地三期停车库,环镇南路858弄,121.39724,31.29581
创客邦园区停车场,同济路488号,121.48502,31.385748
申菊陆陈路停车场,陆陈路338号,121.356766,31.358507
宝山花园城,宝山区水产路2199弄2069号,121.45806000000005,31.22222000000005
和丰停车场,淞滨路74号,121.1163,31.145033
淞苑酒店停车场,水产路689-761号,121.45806000000005,31.22222000000005
星月国际商务广场停车库,淞宝路155弄,121.501656,31.380348
上海美兰湖酒店经营管理有限公司,宝山区罗芬路888号,121.55937,30.917013
吴淞医院停车场,同泰北路101号,121.496025,31.37411
玲珑广场停车场,牡丹江路189号,121.452934,31.022709
昊元生活广场停车场,菊联路90号,121.36677,31.348486
菲力健身停车场,康文路320号,121.45806000000005,31.22222000000005
汇融冷冻市场地面停车场,宝山区江杨南路2058号,121.56055,31.161415
红石科技大楼停车场,川路512号,121.43349,31.352262
洋北停车场,川路2369号,121.45806000000005,31.22222000000005
尚景天地停车场,殷高西路518号,121.474655,31.320238
绿地科技中心,沪太路2899弄,121.45806000000005,31.22222000000005
年吉邻里中心停车场,年吉路100弄12号,121.45806000000005,31.22222000000005
宝山宾馆停车库,牡丹江路1813号,121.4042,31.388527
兴明建材市场停车场,沪太路4332号,121.39516,31.34137
景瑞生活广场停车库,殷高西路578号,121.47173,31.319675
龙珠集贸市场停车场,大华路1185号,121.416855,31.281744
华山北院停车场（库）,镜泊湖路518号,121.45806000000005,31.22222000000005
上海宝山大华饭店停车场,沪太路1528号,121.42385,31.280104
上海明珠湖公园管理有限公司,三华公路333号,121.25753,31.752157
上海卫健综合经营部,南门路25号,121.39952,31.618383
陈家镇临时公交枢纽站社会停车场,花漂村,121.82805,31.524935
崇明县森林公园停车场,北沿公路2188号,121.401886,31.618328
东滩湿地公园停车场,东旺路东滩湿地公园,121.93897,31.514227
上海农闲乐休闲娱乐有限公司,前卫村,121.41719,31.157846
西沙国家湿地公园停车场,堡湖路,121.234795,31.724237
上海崇明建设投资发展有限公司新崇停车场,富民街南延伸段（南门路与新崇南路之间）,121.392,31.171139
兴桥农贸市场停车场,北门路279号,121.19329,31.151594
上海市崇明区体育馆停车场,北门路88号,121.42624,31.619854
堡一停车场,向阳东路66号,121.61917,31.536505
上海新岛集贸市场停车场,民惠路129号,121.1163,31.145033
育麟商务广场停车场,鼓浪屿路777号,121.416824,31.63697
向明停车场,崇明区城桥镇寒山寺路（近东门路）,121.57718,31.595078
前卫双蝶广场,长兴镇潘圆公路1523号,121.45806000000005,31.22222000000005
绿地新都会一期地下车库,翠竹路1588弄,121.75574,31.144686
绿地新都会二期地下车库,崇明区翠竹路1688弄,121.75574,31.144686
长兴岛汽车站社会停车场,长兴镇金岸路1688号,121.70587,31.394323
前卫旅游停车场,秋柑路700弄2-30号,121.50196,31.209442
前卫1966停车场,长兴镇先凤路团结路口,121.1163,31.145033
名岛生活广场停车场,陈家镇陈彷公路1弄1-550号,121.80924,31.496471
润丰集贸市场停车场,凤滨路258弄40号,121.68663,31.389694
花博文化公园临时停车场,林风公路花博园区,121.45806000000005,31.22222000000005
上海崇明万达广场停车场,崇明区城桥镇鼓浪屿路8388号,121.51479,31.300419
向明停车场,崇明区城桥镇寒山寺路（近东门路）,121.57718,31.595078
奉贤区中心医院停车场（库）,南奉公路6600号,121.50644,30.922268
辉展进口水果批发市场停车场（库）,永南路1678号,121.45806000000005,31.22222000000005
奉贤区摩托车检测中心停车场,沪杭公路2142号,121.43212,30.831497
上海新发展圣淘沙大酒店停车场（库）,南桥路1号,121.459076,31.24456
上海银星汽车维修有限公司停车场（库）,南亭公路1301号,121.42596,30.901985
百联南桥购物中心停车场（库）,百齐路588号,121.48535,30.914125
奉贤中医院停车场（库）,南奉公路9588号,121.52733,31.090576
格林豪泰酒店（定康路店）停车库,定康路25号,121.67727,31.252565
奉贤古华山庄停车场,解放中路276号,121.52733,31.090576
上海悦华大酒店停车场（库）,江海路229号,121.458305,30.904768
上海奉贤大润发停车库,南亭公路601号,121.16318,31.288212
奉贤百联建材市场北区停车场,百顺路228弄201号,121.51902,31.22871
奉贤卓越世纪中心停车场（库）,望园南路1288弄83号203室,121.48979,30.912165
奉贤区体育中心停车场,南桥镇古华路100号第一幢108室,121.4677,30.90329
奉贤区奉城医院停车场（库）,川南奉公路9983号,121.64152,30.911673
卜蜂莲花（南奉店）停车场（库）,南奉公路8891号,121.47598,30.914825
上海七宝乐购购物中心有限公司奉贤分公司停车库,环城东路1468号,121.34636,31.157494
奉贤长途汽车客运站停车场,沪杭公路2198号,121.39236,31.6211
奉贤区中心公馆停车场（库）,江海路388弄,121.45802,30.909927
奉贤区古华公园停车场,解放中路220号,121.45956,30.917221
奉贤古华医院停车场,南奉公路9220号,121.52733,31.090576
绿地方舟南桥商务港停车场（库）,奉贤区运河北路258号,121.466156,30.9255
奉贤绿地智尊大厦停车场（库）,奉浦大道97号,121.4608,30.942455
奉贤苏宁生活广场停车场（库）,南奉公路7500号,121.51442,31.29901
奉贤南郊聚润广场停车场（库）,德丰路299弄,121.48614,30.925325
上海海湾国家森林公园停车场,上海市奉贤区海湾镇随塘河路1677号,121.70005,30.863268
奉贤西渡连城商业广场停车场（库）,沪杭公路222弄、228弄,121.43137,30.98928
奉贤百联建材市场南区停车场,百顺路228弄,121.51902,31.22871
上海奉贤法曼橘酒店停车库,上海市奉贤区航南公路5759号,121.52733,31.090576
奉贤区南郊一品停车场（库）,奉贤区德丰路69弄,121.492004,30.925694
奉贤区奉城中建公元名邸停车场（库）,上海市奉贤区奉城镇兰博路1801弄,121.64617,30.91382
奉贤二建大厦停车库,逸政路29号,121.49215,30.919489
上海森勤国际停车场,上海市奉贤区沪杭公路1818号,121.45806000000005,31.22222000000005
奉贤宝龙广场停车库,航南公路5639号,121.46276,30.93002
奉贤恒龙金尊广场停车库,望园南路2288弄,121.48475,30.927877
奉贤区海湾路、金汇塘路西南侧P2停车场,海湾路、金汇塘路西南侧,121.51901,30.817352
奉贤悦达南郊华都停车场（库）,望园路2509弄,121.46551,30.97122
上海凤创谷科创基地停车场（库）,沪杭公路1588号,121.45806000000005,31.22222000000005
上海魏晋文创意产业园停车场,航南公路6666号,121.448975,31.24789
奉贤最家空间产业园停车场（库）,南奉公路6111弄202号,121.52733,31.090576
奉贤新美都菜场停车场（库）,运河北路209号,121.52733,31.090576
奉贤绿地翡翠国际广场停车库,解放东路1008号,121.47208,30.918112
奉贤悠口园区停车场（库）,程普路377号,121.52733,31.090576
奉贤常青大厦停车场（库）,奉炮公路450号,121.51669,30.846642
轨交5号线南港路停车场,南桥镇金海公路西侧、南港路北侧,121.49255,30.910759
轨交5号线程普路停车场,奉浦程普路南侧、沪杭公路西侧,121.44352,30.942879
轨交5号线大叶路南侧停车场,肖塘大叶公路南侧、沪杭公路西侧,121.569466,30.978891
上海奉贤大众宸彰出租汽车有限公司停车场,南奉公路8797弄5号,121.52733,31.090576
上海帕丁顿双语学校停车场,陈桥路620号,121.45677,30.936338
上海兴贸集贸市场经营管理有限公司,潘垫村7组,121.49399,31.170427
上海水岸家苑农贸市场停车场,沪杭公路350号,121.43289,30.986244
奉贤绿庭国际大厦停车场,航南公路5088号,121.468414,30.932417
奉贤庄氏大厦停车库,南奉公路6001号,121.52733,31.090576
奉贤区海湾路、金汇塘路西北侧P1停车场,海湾旅游区海湾路西侧、金汇塘路北侧,121.51901,30.817352
上海南郊宾馆停车场,奉贤区南桥镇展园路398号,121.48356,30.92504
奉贤正阳世纪星城3期丽骏湾南港路停车场,南港路1469号至1547号（单号）,121.47769,30.906649
海湾文化创意园区停车场,海马路5808-5880号,121.57162,30.85823
苏宁永乐电器广场,上海市奉贤区南桥镇南奉公路9275弄,121.349976,31.28193
上海固炯物业有限公司,上海市奉贤区公谊路288号,121.447105,31.294437
奉贤南桥绿地老街商业街停车场,上海市奉贤区南桥镇环城东路883弄1-63号,121.47055,30.928215
云拓移动互联网产业园（一期）爱企广场停车场（库）,奉贤区平庄西路3358弄,121.49465,30.886915
奉贤阿波罗休闲广场停车场,奉贤区奉浦街道环城东路928号,121.465096,30.9238
上海南郊能源大厦配套停车场（库）,奉贤区南港路1000号,121.45806000000005,31.22222000000005
奉贤区老年大学停车场,奉贤区南桥镇江海路350号,121.45946,30.914474
奉贤区秀枫苑西侧商业广场停车场,上海市奉贤区沪杭公路1751-1793-10号,121.45376,30.933329
上海奉杰停车场（事故、违章车辆停放点）,浦星公路9039号,121.45806000000005,31.22222000000005
上海绿天商城项目配套机动车停车场,奉贤区百兴路8号,121.45806000000005,31.22222000000005
奉贤大船酒店停车场（库）,上海市奉贤区航南公路4988弄28号,121.52733,31.090576
奉贤区行政服务中心停车库,奉贤区百秀路399号,121.48903,30.912487
上海漕河泾科技绿洲南桥园区停车库,奉贤区金海公路6055号,121.50494,31.103077
新西渡农贸市场配套机动车停车场,奉贤区西渡街道扶港路388弄,121.44379,30.969458
奉贤绿地未来中心停车库,奉贤区望园南路1588弄,121.48968,30.91571
上海华怡科创园停车场（库）,上海市奉贤区环城东路255号,121.45806000000005,31.22222000000005
奉贤金汇商业广场停车场（库）,奉贤区金汇镇金闸公路599号,121.31136,31.10755
青村吴房村停车场,奉贤区青村镇吴房村,121.52977,30.888575
肖塘农贸市场停车场,奉贤区奉浦街道沪杭公路1039号,121.19329,31.151594
奉贤阳光菜场停车场,奉贤区南桥镇通阳路191号,121.52733,31.090576
奉贤天万国际物流园停车场（库）,上海市奉贤区青村镇金钱公路3329号,121.52733,31.090576
奉贤庄行菜花节停车场,奉贤区南庄路美食广场,121.39194,30.898247
法院东地块临时停车场,奉贤区解放东路以南、奉贤区人民法院以东,121.45806000000005,31.22222000000005
奉贤青峰城停车场,奉贤区南奉公路8505号,121.52733,31.090576
奉贤安东路168号交警事故、违章车辆停放点,奉贤区庄行镇邬桥社区安东路168号,121.40343,30.961048
奉贤新世界休闲生活广场停车场,奉贤区金海公路3399号,121.341576,31.261312
上海汇荟物业管理有限公司,上海市奉贤区望园路2351弄,121.46867,31.231186
奉贤南桥阳光公寓停车场,奉贤区南桥镇环城南路1070号,121.45319,31.347162
奉贤碧海金沙嘉苑商铺停车场,奉贤区海湾旅游区海思路789弄,121.51286,30.824009
奉贤区齐贤汇港苑商铺停车场（库）,奉贤区团汇公路479弄,121.51248,30.959642
奉贤海湾旅游区海滨游泳场停车场,奉贤区海湾旅游区金汇塘东路1025号,121.52315,30.81514
金汇镇泰顺工业园区机动车停车场,奉贤区金汇镇光泰路、塘富路东南侧,121.50276,30.984097
上海奉欣机动车检测有限公司,奉贤区奉城镇南奉公路952号,121.46536,31.051527
翔阳商厦地下停车库,天潼路567号,121.45806000000005,31.22222000000005
百联虹口购物中心停车场库,同丰路669号-699号,121.467224,31.272655
法兰桥创意园区停车场库,欧阳路196号,121.448906,31.247856
上海优族文化创意产业园停车场,邯郸路173号,121.448975,31.24789
ID657创意园停车库,广中路657号,121.47684,31.275059
上海柳营灯饰城停车库,柳营路135号,121.46793,31.270927
上海宝兴殡仪馆停车场库,西宝兴路833号,121.45806000000005,31.22222000000005
嘉和国际大厦停车场库,花园路16号,121.47787,31.269806
宇航大厦停车场库,四川北路525号,121.48485,31.246717
空间188创意产业园停车库,东江湾路188号,121.448975,31.24789
金海岸商厦停车场库,四川北路1941号,121.48378,31.262629
上海酒钢大酒店停车场,东体育会路996号,121.48904,31.286785
上海盛邦国际大厦停车场库,四川北路1318号,121.48475,31.251425
上海虹口足球场停车场库,东江湾路444号,121.47979,31.270466
上海曲阳医院停车场,玉田路333号,121.491104,31.278639
上海市虹口区运输公司第二汽车队停车场,中山北一路413号,121.48203,31.281004
上海市军事体育俱乐部停车场,新同心路318号,121.46823,31.278442
虹口商城停车库,虬江支路181号,121.48322,31.254234
上海新世纪酒店停车场库,曲阳路1000号,121.49126,31.228989
高宝新时代广场停车库,四川北路1666号,121.48349,31.257248
福德商务广场停车场库,四川北路1688号,121.45806000000005,31.22222000000005
上海粤海大酒店停车场库,逸仙路328号,121.45806000000005,31.22222000000005
上海高阳宾馆停车场,高阳路815号,121.50458,31.251135
上海建工医院停车场,中山北一路666号,121.48435,31.284664
上海宝丰联大酒店停车场,纪念路301号,121.48679,31.298113
上海市虹口区曲阳文化馆停车库,曲阳路570号,121.49092,31.280169
宝矿国际大厦停车库,吴淞路218号,121.49098,31.248438
海泰时代大厦停车库,武进路289号,121.48533,31.251757
中信广场停车场库,四川北路859号,121.48385,31.248207
世纪联华东宝兴路店停车库,东宝兴路777号,121.47522,31.262917
地铁3号线东宝兴路站前广场停车场,东宝兴路415号,121.46873,31.261917
上海外滩茂悦大酒店停车场库,黄浦路199号,121.49328,31.24531
绿地商业管理停车场,同心路1号,121.45806000000005,31.22222000000005
上海市中西医结合医院中医特色楼工程配建停车场库,保定路230号,121.5113,31.257542
上海爱家豪庭停车库,贯中路51号,121.492836,31.261204
上海瑞丰国际大厦停车场库,杨树浦路248号,121.51575,31.250696
上外贤达学院停车场库,东体育会路390号,121.48436,31.277617
上海港国际客运中心停车库,太平路1号,121.49676,31.246552
上海世纪联华虹口水电超市停车库,车站南路330弄6号,121.47586,31.295296
上海花园坊节能环保产业园停车场库,中山北一路121号,121.4663,31.2137
榕辉大厦停车场库,汶水东路29号,121.48872,31.292953
930科技创意园区停车场库,曲阳路930号,121.448906,31.247856
飘鹰世纪大厦停车库,天宝路578号,121.49868,31.269323
上海新兴旺国际服饰城停车库,七浦路133号,121.483086,31.245592
嘉杰国际广场停车库,四川北路1727弄,121.48179,31.258802
复城国际停车场库,曲阳路838号-12,121.45806000000005,31.22222000000005
恒升半岛国际中心停车库,吴淞路205号,121.47684,31.275059
虹口世纪大酒店停车场库,四平路257号,121.47095,31.282873
上海宝隆宾馆停车场库,逸仙路180号,121.45806000000005,31.22222000000005
龙邸大厦停车库,溧阳路1088号,121.48878,31.260826
中共四大纪念馆停车库,四川北路公园地下1层,121.48417,31.254158
大连路长阳路临时停车场,大连路长阳路之间,121.51272,31.258125
拉菲酒窖餐厅停车场库,曲阳路666号,121.49091,31.285252
合生财富广场停车场库,大连路839弄2号,121.50724,31.263462
运动LOFT创意基地停车场库,同心路723号,121.56216,31.165037
凯德龙之梦虹口购物中心停车场库,西江湾路388号,121.480446,31.256674
壹丰广场停车场库,四川北路1363号,121.483734,31.252373
上海财经大学中山北一路校区停车场库,中山北一路369号,121.480064,31.279705
森林湾大厦停车场库,海宁路269号,121.48791,31.250977
利通广场停车库,四川北路1350号,121.48462,31.252987
海鸥商务大厦停车场库,中山北二路1800号,121.494354,31.286242
上海和平眼科医院停车场,伊敏河路61号,121.49305,31.287556
虹口图书馆停车场库,水电路1400号,121.47095,31.282873
汶水东路918弄停车场库,汶水东路918弄,121.46437,31.293116
岳阳医院停车场,甘河路110号,121.488495,31.288952
上海临潼宾馆停车场,临潼路188号,121.51275,31.254187
海伦国际大厦停车场库,宝山路778号,121.47947,31.262108
上海曲阳公园停车场,中山北一路880号,121.4852,31.288177
上海中心大厦停车场库,吴淞路130号,121.50458,31.23341
万安路316号地面停车场,万安路316号,121.48497,31.302004
上海虹口三至喜来登酒店停车场库,四平路59号,121.48738,31.257723
上海大厦停车库,北苏州路20号,121.48697,31.241507
上海精武体育馆停车场,四川北路1702弄30号,121.484085,31.258179
虹口SOHO停车场库,乍浦路600号,121.48677,31.253254
沪办大厦停车场库,中山北一路1250号,121.48971,31.29116
四达路96弄通道临时停车场,四达路96弄通道,121.49011,31.267502
上海大世界城地下停车库,四平路228号,121.479294,31.228374
月亮湾停车场库,天宝路283号,121.47453,31.157476
上海白玉兰广场停车场,提篮桥街道东大名路501号,121.49817,31.248928
上海星荟中心,四川北路街道天潼路338号,121.45806000000005,31.22222000000005
瑞虹新城Z庭停车库,虹关路323弄,121.496895,31.265127
瑞虹新城怡庭停车库,瑞虹路233弄7号,121.50095,31.264357
金融街海伦中心停车库,海伦路440号,121.47684,31.275059
浦江国际金融广场停车场库,东大名路1100号,121.50967,31.251522
上海苏宁宝丽嘉酒店停车场（库）,北苏州路188号,121.48695,31.24504
上海市第一人民医院北院区停车库,武进路86号,121.4895,31.253132
甜爱坊停车库,甜爱路156号-160号,121.40492,31.232931
上海曲阳生活购物中心停车场,曲阳路566号,121.49132,31.279572
中锐WIN文创园停车库,通州路300号,121.47684,31.275059
上海国际航运服务中心停车库,公平路36号,121.51332,31.250326
金岸大厦停车场,东大名路908号,121.50528,31.250612
虹控T创园停车库,保定路23号,121.47684,31.275059
上滨生活广场停车库,周家嘴路887号,121.50361,31.26033
上海时装商厦地下停车库,四川北路1915号,121.4837,31.262302
星港国际中心停车场库,东大名路1099号,121.50724,31.25283
凉城商办中心停车库,水电路1388号,121.47684,31.275059
虹口城创中心停车场库,邯郸路135号,121.49557,31.25107
瑞虹坊停车库,临平路133弄,121.47684,31.275059
东横浜路53号临时停车场,东横浜路53号,121.48077,31.261332
上海商务中心停车场（库）,曲阳路800号,121.49201,31.286797
一方大厦停车库,东长治路399号,121.24708,31.021053
虹口新业坊停车场,广粤支路1号,121.47346,31.26547
上海市第四人民医院停车库,三门路1279号,121.484184,31.261133
上海海湾大厦停车场库,黄浦路53号,121.49167,31.244408
广中路612号停车场,广中路612号,121.47577,31.277039
柏树大厦停车场库,中山北一路1230号,121.48868,31.290586
铭庭商业地下车库,天宝路181号,121.174805,31.147026
宝华商业广场停车库,长山路20号,121.47684,31.275059
1876老站创意园停车场库,汶水东路351号,121.4824,31.290789
太阳宫停车场库,瑞虹路181号,121.45806000000005,31.22222000000005
北宝兴路临时停车场,北宝兴路195号,121.46532,31.273123
领展企业广场停车库,湖滨路222号,121.4759,31.221949
新华联大厦停车场（库）,淮海中路755号,121.4638,31.218388
金玉兰广场停车库,上海市打浦路1号,121.47105,31.205095
医药大厦停车场,黄浦区太仓路200号,121.48491,31.207905
力宝广场停车库,上海市淮海中路222号,121.47563,31.224218
锦江迪生停车库,上海市长乐路400号,121.47684,31.275059
广发大厦停车场（库）,上海市徐家汇路555号,121.45806000000005,31.22222000000005
国信广场停车场（库）,建国中路29号,121.45806000000005,31.22222000000005
新锦江大酒店停车场,长乐路161号,121.46278,31.220785
城市酒店停车场（库）,黄浦区陕西南路5-7号,121.45715,31.22273
久事复兴大厦（百盛）停车库,黄浦区淮海中路918号,121.45933,31.217596
金钟广场停车库,柳林路8号,121.479034,31.225628
中环广场停车场（库）,淮海中路381号,121.47288,31.22211
永银大厦停车库,西藏南路238号,121.480484,31.224064
南新雅大酒店停车库,九江路700号,121.56555,31.553047
六合大厦停车库,六合路158号,121.47484,31.237179
港陆黄浦中心停车场（库）,六合路98号,121.475,31.236624
外滩停车库,中山东一路479号,121.49068,31.23439
港陆广场停车场（库）,黄浦区西藏中路18号港陆广场,121.47849,31.229635
中区广场停车库,黄陂北路227号,121.47048,31.229204
应氏大厦停车库,黄浦区天津路180号,121.48281,31.238348
明天广场停车场（库）,南京西路399号,121.46942,31.230448
天安中心停车场（库）,南京西路338号,121.46968,31.231813
金融广场停车场（库）,九江路333号,121.48331,31.235748
上海大剧院停车库,黄陂北路190号,121.47193,31.229504
第九人民医院停车场,制造局路639号,121.33118,31.130116
新亚丽景停车库,中山南路315号,121.47684,31.275059
旺角广场停车库,黄浦区延安东路175号,121.48477,31.230652
霓虹停车库,金陵中路150号,121.47684,31.275059
汇金大厦停车库,汉口路515号,121.480835,31.234068
仙乐斯广场停车场（库）,黄浦区南京西路388号,121.46891,31.231497
春申江大厦停车库,浙江中路400号,121.4781,31.23629
华盛大厦停车库,黄浦区九江路399号,121.482666,31.235586
国际饭店停车库,黄河路28号,121.47684,31.275059
新黄浦酒店公寓停车库,永寿路88号,121.48159,31.2283
来福士广场停车库,西藏中路268号,121.47681,31.23233
申鑫大厦停车场（库）,黄浦区宁海东路200号,121.48167,31.229275
宏伊国际广场停车场（库）,九江路288号,121.484535,31.23701
海仑宾馆停车库,黄浦区南京东路505号,121.48082,31.23562
宝鼎大厦停车场,黄浦区徐家汇路550号,121.47044,31.206152
都市总部大楼停车场（库）,黄浦区西藏中路168号,121.47742,31.230965
华旭国际大厦停车库,西藏中路336号,121.47587,31.233713
亚龙国际停车库,黄浦区金陵东路500号,121.47684,31.275059
城隍庙广场停车库,黄浦区方浜中路168号,121.47684,31.275059
创兴金融中心停车库,黄浦区南京西路288号,121.470345,31.232212
金陵海欣大厦停车场（库）,黄浦区福州路666号,121.49848,31.162613
东淮海国际大厦停车场（库）,黄浦区淮海东路49号,121.48245,31.226217
华设浦汇大厦停车库,黄浦区福州路318号,121.48423,31.234602
半岛酒店停车库,黄浦区北京东路40号,121.47684,31.275059
精益商务楼停车库,黄浦区合肥路215号,121.47612,31.214636
制造局二期停车库,黄浦区局门路427号,121.48887,31.208878
和平饭店停车库,黄浦区南京东路62号,121.48912,31.23917
鄂尔多斯停车库,黄浦区福佑路333号,121.47684,31.275059
悦达黄浦河滨大厦停车场（库）,黄浦区新闸路356号,121.46705,31.239555
瑞金医院停车场（库）,黄浦区瑞金二路197号,121.4671,31.21034
九江大厦停车库,黄浦区九江路137号,121.2124,31.03309
黄浦区图书馆停车库,福州路655号,121.47862,31.232288
人民广场地下停车库,黄浦区人民大道221号,121.475006,31.229448
欣广大厦停车库,黄浦区巨鹿路417号,121.45779,31.22201
名人商务中心停车库,黄浦区南京东路300号,121.2231,31.24764
都乐停车库,黄浦区成都南路26号,121.467285,31.22291
音乐广场停车库,黄浦区金陵中路110号,121.546875,31.214378
象屿集团大厦停车库,黄浦区西藏中路725弄28号,121.47148,31.23911
新天地时尚停车库,黄浦区马当路281号,121.47482,31.218006
香港名都停车场（库）,黄浦区复兴东路733号,121.38931,31.103281
思南公馆停车库,黄浦区重庆南路258号,121.468315,31.214424
雅居乐万豪停车场（库）,黄浦区西藏中路555号,121.142685,31.15093
豫园万丽酒店停车场（库）,黄浦区河南南路159号,121.49235,31.227024
恒积大厦停车库,黄浦区淮海东路99号,121.480965,31.225412
制造局一期停车库,黄浦区蒙自路169号,121.48421,31.212282
鸿祥大厦停车库,黄浦区黄河路21-43号,121.47106,31.233654
瑞金宾馆停车库,黄浦区瑞金二路118号,121.46387,31.213808
花园港路停车场,黄浦区花园港路188号,121.41378,30.796616
日月光广场,黄浦区徐家汇路618号,121.46768,31.20661
湖滨道购物中心停车库,湖滨路150号,121.479,31.220951
世纪联华停车库,黄浦区斜土路645号,121.47684,31.275059
大时代广场停车库,黄浦区淮海中路93号,121.47548,30.917967
第一百货商业中心停车库,黄浦区南京东路800号,121.47684,31.275059
申华金融大厦停车场（库）,宁波路1号,121.486755,31.239561
汇巧活广场停车库,鲁班路619号,121.47783,31.19901
黄浦体育馆停车库,山东中路311号,121.465065,31.204142
文化广场停车库,黄浦区永嘉路36号,121.40424,30.793947
海通证券大厦停车库,黄浦区广东路689号,121.478905,31.230618
科学会堂停车场（库）,黄浦区南昌路47号,121.46945,31.218748
香港广场（南）（北）停车库,淮海中路282号,121.47219,31.220846
东汇广场停车库,黄浦区鲁班路288号,121.47442,31.203566
外滩源停车库,黄浦区中山东一路33号,121.49068,31.23439
瑞金大厦停车库,黄浦区茂名南路205号,121.463066,31.21348
新茂大厦停车场（库）,太仓路233号,121.4735,31.220663
锦江饭店停车场（库）,黄浦区茂名南路59号,121.45806000000005,31.22222000000005
花园饭店停车场（库）,黄浦区茂名南路58号,121.38207,31.183817
浙江中路288号立体停车库,浙江中路288号,121.47894,31.234392
斯格威大酒店停车场（库）,黄浦区打浦路15号,121.196236,31.033424
瑞安广场停车库,淮海中路333号,121.47407,31.222475
新协通国际大酒店停车库,黄浦区北京东路398号,121.778404,31.4895
海洋大厦停车库,黄浦区延安东路550号,121.48159,31.230785
宏慧.盟智园停车场,黄浦区蒙自路207号,121.47801,31.205708
思源商厦停车库,黄浦区西藏中路500号,121.47447,31.236374
新世界停车库,南京西路2-88号,121.47684,31.275059
云南南路168号立体停车库,云南南路168号,121.48104,31.226864
新凌大厦停车库,陆家浜路1100号,121.48745,31.211166
无限极大厦停车库,湖滨路168号,121.477905,31.221018
金外滩国际广场停车场（库）,老太平弄99号,121.50032,31.223833
复兴SOHO停车库,马当路388号,121.47684,31.275059
十六铺交通枢纽停车库,中山东二路520号,121.47684,31.275059
香山医院停车场,复兴中路528号,121.45806000000005,31.22222000000005
世纪联华黄浦店停车库,西藏南路1130号,121.465065,31.204142
江滨路99号地下停车库,江滨路99号,121.474205,31.191643
外滩soho停车库,中山东二路88号,121.4933,31.230019
复兴中路263号停车场,复兴中路263号,121.47716,31.216806
中电科技上海大厦停车库,龙华东路647号,121.47605,31.194592
北石皮弄临时停车场,北石皮弄,121.48837,31.223463
BFC外滩金融中心停车库,中山东二路558号,121.49781,31.226463
远洋商业大厦停车库,延安东路618号,121.48052,31.230316
中海国际中心停车库,黄陂南路838弄,121.47678,31.211645
福都商厦停车库,人民路399号,121.49165,31.229229
制造局路584号停车库,制造局路584号,121.48445,31.203472
九院黄浦分院停车库,普育东路58号,121.465065,31.204142
蓬莱公园西侧公共绿地地下车库,保屯路101号,121.490364,31.206266
朗廷酒店停车库,马当路99号,121.47684,31.275059
金豫商厦停车库,方浜中路280弄,121.49181,31.224756
博荟广场停车库,龙华东路319-455号,121.47684,31.275059
豫园停车场,侯家路83号,121.49235,31.227024
凯德晶萃广场停车库,徐家汇路268号,121.47684,31.275059
人民路1018-1028号临时停车场,人民路1018-1028号,121.39763,31.622416
柳林大厦,黄浦区淮海中路1号,121.48007,31.225061
新天地南里,黄浦区兴业路123弄5-6号,121.475174,31.21931
城汇大厦停车库,南昌路45号,121.470474,31.218775
黄浦区工人体育馆停车库,外马路1288号,121.465065,31.204142
瑞金医院卢湾分院停车场,重庆南路149号,121.4725,31.21864
望达路停车场,望达路（临18号）,121.49645,31.199652
卢湾体育中心停车场（库）,肇嘉浜路128号、建国西路135号,121.46432,31.207117
淮海中路立体停车库,淮海中路438号,121.43656,31.203104
世茂皇家艾美酒店,黄浦区南京东路829号,121.5172,31.227861
大盈综合楼停车场,黄浦区南京西路456号,121.08986,31.2102
恒基旭辉天地停车库,马当路458弄32号,121.76765,31.198898
上海广场停车库,淮海中路138号,121.47793,31.225136
太平桥公园地下停车库,黄陂南路371-379号,121.476875,31.219505
滨江壹号院商业地下停车库,黄浦区中山南一路500弄,121.50153,31.231855
苗江路停车场,半淞园路668号,121.4983,31.19973
中茂世纪财富广场,嘉定区汇源路218弄,121.204506,31.416765
好美家曹安店,嘉定区曹安路1488号,121.381454,31.175013
上海嘉定影剧院停车场,嘉定区城中路149号,121.24772,31.383503
轻纺停车场,嘉定区曹安路1618号,121.45806000000005,31.22222000000005
汇龙潭停车场,嘉定区南大街,121.25386,31.38245
嘉定交警支队违章、事故车辆停车场,嘉定区嘉安公路2669号,121.332565,31.239506
上海市嘉定区松鹤墓园,嘉定区安亭镇嘉松北路3485号,121.21155,31.333864
古猗园停车场,嘉定区沪宜公路218号,121.31702,31.292381
封浜事故违章停车场,嘉定区江桥镇星华公路2318号,121.291985,31.269346
汽车博览公园停车场,嘉定区博园路7575号,121.45806000000005,31.22222000000005
“华亭人家”停车场,嘉定华亭镇联华村788号,121.291695,31.47989
东方商厦（嘉定店）,嘉定区城中路66号,121.24806,31.38047
泰宸商务楼,嘉定区博乐南路158号,121.26058,31.37613
嘉莲华停车场,嘉定区曹安路2188号,121.70934,31.195608
罗宾森广场,嘉定区城中路138号,121.24535,31.384617
上海东方汽配城市场经营管理有限公司,嘉定区曹安路1926号,121.36243,31.256048
上海曹安国际商城商贸场经营管理有限公司,嘉定区曹安路1833-1899号,121.360695,31.253555
世昶广场,嘉定区安亭镇新源路66弄25号,121.16015,31.289558
迎园饭店停车场,嘉定区清河路150号,120.91191,31.073574
上海新欧尚超市有限公司嘉定店停车场,嘉定区博乐路99号,121.27821,31.385529
国美停车场,嘉定区沪宜公路3163-3199号,121.1163,31.145033
新郁支路停车场,嘉定区新郁路807号,121.35889,31.252682
永盛路停车场,永盛路东侧（裕民路与福海路之间）,121.24129,31.37032
《财智金岸》企业园,嘉定区树屏路588弄,121.258545,31.408934
欧亚美临时停车场,嘉定区沪宜公路3518号,121.24556,31.373598
上海洪品物流中心,嘉定区马陆镇博学路151号,121.307465,31.346876
沪宁停车场,嘉定区江桥镇华江路230弄80号,121.333725,31.252354
南翔老街停车场,嘉定区南翔镇解放街201号,121.30724,31.291653
上海市江桥批发市场经营管理有限公司,嘉定区曹安路1936号,121.359375,31.257273
绿地嘉创停车场,嘉定区沪宜公路3099号,121.2274,31.014482
国际大厦地下车库,嘉定区德富路1198号,121.45806000000005,31.22222000000005
福瑞大厦停车场,嘉定区曹安路1509号,121.37123,31.250986
锦银休闲广场地下车库,嘉定区曹安路1901号,121.36002,31.252804
金沙丽晶苑,嘉定区丰庄路99弄1号,121.36005,31.241755
威隆大厦停车场,嘉定区曹安路1718号,121.36432,31.254074
江桥万达停车场,嘉定区金沙江西路1555弄396号,121.322586,31.236036
嘉禾大厦,嘉定区叶城路818号,121.25161,31.365747
清河路停车场,嘉定区清河路100号,121.250275,31.38559
轨交11号线嘉定西站,嘉定区陈家山路,121.227875,31.377113
中心医院停车场,嘉定区城北路1号,121.45806000000005,31.22222000000005
上海新词商务酒店有限公司,嘉定区安亭镇墨玉路29号,121.163765,31.29005
E3131电子商务创新园停车场,嘉定区金沙江路3131号,121.22413,31.242422
嘉定客运中心地下停车库,嘉定区陈家山路1800号,121.32282,31.309704
嘉定淮海国际广场,嘉定区叶城路1128号,121.2449,31.362867
望仙园,嘉定区外钱公路1515号,121.13796,31.358751
中冶祥腾城市广场地下停车库,嘉定区南翔镇真南路4368弄4号,121.32206,31.295424
妇幼保健院停车场,嘉定区高台路1216号,121.45806000000005,31.22222000000005
南翔医院停车场,嘉定区南翔镇众仁路495号,121.44394,31.212116
嘉定科创大厦,嘉定区嘉罗公路368号,121.262215,31.379066
城1218停车场,嘉定区塔城路265-295号,121.25595,31.383741
峰汇嘉苑,上海市嘉定区天祝路555弄,121.45806000000005,31.22222000000005
嘉亭荟,嘉定区墨玉南路1019号,121.45806000000005,31.22222000000005
博乐路76号临时停车场,嘉定区博乐路76号,121.255745,31.381132
工人俱乐部停车场,嘉定区清河路10号,121.1163,31.145033
上海嘉实生活广场,嘉定区嘉松北路6130弄194号,121.22211,31.287931
万佛寺停车场,嘉定区金沙江西路200号,121.45806000000005,31.22222000000005
中医医院,嘉定区博乐路222号,121.45806000000005,31.22222000000005
上海大学嘉定校区,嘉定区城中路20号,121.24918,31.376743
嘉福汇商务广场,嘉定区福海路777弄2号,121.24169,31.363901
泰宸汇金商务楼,嘉定区金沙路75-77号,121.25608,31.381113
博园路临时停车场,嘉定区博园路969号,121.21935,31.26276
|甲停车场,嘉定区安亭镇昌吉路204号,121.46359,31.248276
菊园综合服务中心停车场,嘉定区平城路789号,121.513504,31.22807
博乐路70号临时停车场,嘉定区博乐路70号,121.255745,31.381132
安亭财富广场,嘉定区安亭镇曹安公路5616号,121.16166,31.28982
丰庄茶城,嘉定区曹安公路1611-1615号,121.36736,31.251934
嘉定体育场停车场,嘉定区新成路118号,121.27127,31.376616
百联嘉定购物中心停车场,嘉定区澄浏中路3198弄,121.27908,31.385141
北虹桥科技大厦停车场,嘉定区曹安公路4671号,121.41577,31.174038
南翔五彩城停车库,嘉定区南翔镇宝翔路801号,121.45793,31.216564
皋成停车场,嘉定区仓场路331号,121.45806000000005,31.22222000000005
江桥文化体育中心停车场,嘉定区江桥镇华江路129弄,121.322586,31.236036
上海恒通停车场,嘉定区塔新路999号,121.46166,31.242584
嘉乐广场停车场,嘉定区仓场路365号,121.27373,31.38258
南翔商务中心停车场,嘉定区南翔镇银翔路515号,121.32523,31.291471
曹安公路临时停车场,嘉定区丰庄路与G2京沪高速交叉口桥下东侧及西侧,121.36499,31.252296
世盟置地广场地下停车库,嘉定区南翔镇沪宜公路79号,121.48209,31.236238
上海马陆驾校停车场,嘉定区横仓公路2588号,121.37695,31.417517
容基大厦停车场,嘉定区南翔镇银翔路1037号,121.3161,31.285025
环球大厦停车场,嘉定区南翔镇沪宜公路1168号,121.30341,31.296444
东云广场,嘉定区阿克苏路1333号,121.53867,31.216557
嘉永南北干货市场停车场,嘉定区江桥镇张掖路333号,121.24129,31.37032
马陆文广中心停车场,嘉定区马陆镇宝安公路3322号,121.296715,31.37866
三德广场停车场,嘉定区曹安公路5533号,121.70632,30.992226
城中路临时停车场,嘉定区城中路138号北侧,121.2521,31.373726
上海嘉华医院停车场,嘉定区清河路450号,121.21923,31.432207
嘉定区市民健身中心停车场,嘉定区梅园路315号,121.24341,31.385742
蓝天创业广场,嘉定区南翔镇银翔路655号,121.32198,31.28947
南翔太茂商业广场地下停车库,嘉定区南翔镇丰翔路3168号,121.32544,31.299322
